,Unnamed: 0,model_name,model_class,model_file,features,fe_files,output_type,mae,mape,package_mae,core_mae,uncore_mae,dram_mae,package_mape,core_mape,uncore_mape,dram_mape,trainer,node_type,feature_group
0,27,PolynomialRegressionTrainer_3,scikit,PolynomialRegressionTrainer_3.json,"['bpf_block_irq', 'bpf_cpu_time_ms', 'bpf_net_rx_irq', 'bpf_net_tx_irq', 'bpf_page_cache_hit']",['poly_scaler.pkl'],AbsPower,0.0,1.31,0.0,0.0,0.0,0.0,0.0,0.0,-1,1.31,PolynomialRegressionTrainer,3,BPFIRQ
1,30,PolynomialRegressionTrainer_2,scikit,PolynomialRegressionTrainer_2.json,"['bpf_block_irq', 'bpf_cpu_time_ms', 'bpf_net_rx_irq', 'bpf_net_tx_irq', 'bpf_page_cache_hit']",['poly_scaler.pkl'],AbsPower,0.0,0.01,0.0,0.0,0.0,0.0,0.0,0.01,-1,0.01,PolynomialRegressionTrainer,2,BPFIRQ
2,32,LinearRegressionTrainer_1,scikit,LinearRegressionTrainer_1.json,"['bpf_block_irq', 'bpf_cpu_time_ms', 'bpf_net_rx_irq', 'bpf_net_tx_irq', 'bpf_page_cache_hit']",[],AbsPower,0.0,0.04,0.0,0.0,0.0,0.0,0.01,0.0,-1,0.04,LinearRegressionTrainer,1,BPFIRQ
3,33,LinearRegressionTrainer_3,scikit,LinearRegressionTrainer_3.json,"['bpf_block_irq', 'bpf_cpu_time_ms', 'bpf_net_rx_irq', 'bpf_net_tx_irq', 'bpf_page_cache_hit']",[],AbsPower,0.0,0.03,0.0,0.0,0.0,0.0,0.0,0.01,-1,0.03,LinearRegressionTrainer,3,BPFIRQ
4,38,PolynomialRegressionTrainer_1,scikit,PolynomialRegressionTrainer_1.json,"['bpf_block_irq', 'bpf_cpu_time_ms', 'bpf_net_rx_irq', 'bpf_net_tx_irq', 'bpf_page_cache_hit']",['poly_scaler.pkl'],AbsPower,0.0,0.04,0.0,0.0,0.0,0.0,0.01,0.01,-1,0.04,PolynomialRegressionTrainer,1,BPFIRQ
5,40,LinearRegressionTrainer_2,scikit,LinearRegressionTrainer_2.json,"['bpf_block_irq', 'bpf_cpu_time_ms', 'bpf_net_rx_irq', 'bpf_net_tx_irq', 'bpf_page_cache_hit']",[],AbsPower,0.0,0.02,0.0,0.0,0.0,0.0,0.01,0.05,-1,0.02,LinearRegressionTrainer,2,BPFIRQ
6,37,GradientBoostingRegressorTrainer_1,scikit,GradientBoostingRegressorTrainer_1.json,"['bpf_block_irq', 'bpf_cpu_time_ms', 'bpf_net_rx_irq', 'bpf_net_tx_irq', 'bpf_page_cache_hit']",[],AbsPower,0.72,2.66,0.11,0.72,0.0,0.1,0.51,2.28,-1,2.66,GradientBoostingRegressorTrainer,1,BPFIRQ
7,5,SGDRegressorTrainer_3,scikit,SGDRegressorTrainer_3.json,"['bpf_block_irq', 'bpf_cpu_time_ms', 'bpf_net_rx_irq', 'bpf_net_tx_irq', 'bpf_page_cache_hit']",[],AbsPower,0.75,24.44,0.72,0.75,0.0,0.25,11.19,15.22,-1,24.44,SGDRegressorTrainer,3,BPFIRQ
8,29,GradientBoostingRegressorTrainer_2,scikit,GradientBoostingRegressorTrainer_2.json,"['bpf_block_irq', 'bpf_cpu_time_ms', 'bpf_net_rx_irq', 'bpf_net_tx_irq', 'bpf_page_cache_hit']",[],AbsPower,0.75,1.25,0.75,0.66,0.0,0.07,2.08,5.27,-1,1.25,GradientBoostingRegressorTrainer,2,BPFIRQ
9,2,SGDRegressorTrainer_1,scikit,SGDRegressorTrainer_1.json,"['bpf_block_irq', 'bpf_cpu_time_ms', 'bpf_net_rx_irq', 'bpf_net_tx_irq', 'bpf_page_cache_hit']",[],AbsPower,0.8,24.63,0.8,0.55,0.0,0.22,13.1,9.02,-1,24.63,SGDRegressorTrainer,1,BPFIRQ
10,7,SGDRegressorTrainer_2,scikit,SGDRegressorTrainer_2.json,"['bpf_block_irq', 'bpf_cpu_time_ms', 'bpf_net_rx_irq', 'bpf_net_tx_irq', 'bpf_page_cache_hit']",[],AbsPower,0.8,22.98,0.48,0.8,0.0,0.23,8.26,7.77,-1,22.98,SGDRegressorTrainer,2,BPFIRQ
11,28,GradientBoostingRegressorTrainer_3,scikit,GradientBoostingRegressorTrainer_3.json,"['bpf_block_irq', 'bpf_cpu_time_ms', 'bpf_net_rx_irq', 'bpf_net_tx_irq', 'bpf_page_cache_hit']",[],AbsPower,0.83,2.93,0.83,0.44,0.0,0.07,2.03,1.91,-1,2.93,GradientBoostingRegressorTrainer,3,BPFIRQ
12,20,XgboostFitTrainer_1,xgboost,XgboostFitTrainer_1.json,"['bpf_block_irq', 'bpf_cpu_time_ms', 'bpf_net_rx_irq', 'bpf_net_tx_irq', 'bpf_page_cache_hit']",[],AbsPower,1.47,8.51,1.11,1.47,0.0,0.27,1.76,4.44,-1,8.51,XgboostFitTrainer,1,BPFIRQ
13,21,XgboostFitTrainer_3,xgboost,XgboostFitTrainer_3.json,"['bpf_block_irq', 'bpf_cpu_time_ms', 'bpf_net_rx_irq', 'bpf_net_tx_irq', 'bpf_page_cache_hit']",[],AbsPower,3.01,3.72,0.79,3.01,0.0,0.58,2.92,6.02,-1,3.72,XgboostFitTrainer,3,BPFIRQ
14,24,XgboostFitTrainer_2,xgboost,XgboostFitTrainer_2.json,"['bpf_block_irq', 'bpf_cpu_time_ms', 'bpf_net_rx_irq', 'bpf_net_tx_irq', 'bpf_page_cache_hit']",[],AbsPower,3.58,2.37,0.67,3.58,0.0,0.53,3.43,2.9,-1,2.37,XgboostFitTrainer,2,BPFIRQ
15,18,KNeighborsRegressorTrainer_3,scikit,KNeighborsRegressorTrainer_3.json,"['bpf_block_irq', 'bpf_cpu_time_ms', 'bpf_net_rx_irq', 'bpf_net_tx_irq', 'bpf_page_cache_hit']",[],AbsPower,4.74,16.81,4.74,4.58,0.0,0.7,24.18,63.73,-1,16.81,KNeighborsRegressorTrainer,3,BPFIRQ
16,42,GradientBoostingRegressorTrainer_4,scikit,GradientBoostingRegressorTrainer_4.json,"['bpf_block_irq', 'bpf_cpu_time_ms', 'bpf_net_rx_irq', 'bpf_net_tx_irq', 'bpf_page_cache_hit']",[],AbsPower,4.92,9.25,4.92,0.0,0.0,3.07,3.89,-1.0,-1,9.25,GradientBoostingRegressorTrainer,4,BPFIRQ
17,23,KNeighborsRegressorTrainer_1,scikit,KNeighborsRegressorTrainer_1.json,"['bpf_block_irq', 'bpf_cpu_time_ms', 'bpf_net_rx_irq', 'bpf_net_tx_irq', 'bpf_page_cache_hit']",[],AbsPower,5.47,24.16,5.46,5.47,0.0,1.21,28.51,25.9,-1,24.16,KNeighborsRegressorTrainer,1,BPFIRQ
18,16,XgboostFitTrainer_4,xgboost,XgboostFitTrainer_4.json,"['bpf_block_irq', 'bpf_cpu_time_ms', 'bpf_net_rx_irq', 'bpf_net_tx_irq', 'bpf_page_cache_hit']",[],AbsPower,5.95,7.04,5.95,0.0,0.0,2.12,4.58,-1.0,-1,7.04,XgboostFitTrainer,4,BPFIRQ
19,19,KNeighborsRegressorTrainer_2,scikit,KNeighborsRegressorTrainer_2.json,"['bpf_block_irq', 'bpf_cpu_time_ms', 'bpf_net_rx_irq', 'bpf_net_tx_irq', 'bpf_page_cache_hit']",[],AbsPower,6.42,16.06,5.58,6.42,0.0,0.84,24.38,30.69,-1,16.06,KNeighborsRegressorTrainer,2,BPFIRQ
20,15,KNeighborsRegressorTrainer_4,scikit,KNeighborsRegressorTrainer_4.json,"['bpf_block_irq', 'bpf_cpu_time_ms', 'bpf_net_rx_irq', 'bpf_net_tx_irq', 'bpf_page_cache_hit']",[],AbsPower,8.19,14.05,8.19,0.0,0.0,5.22,8.06,-1.0,-1,14.05,KNeighborsRegressorTrainer,4,BPFIRQ
21,41,PolynomialRegressionTrainer_4,scikit,PolynomialRegressionTrainer_4.json,"['bpf_block_irq', 'bpf_cpu_time_ms', 'bpf_net_rx_irq', 'bpf_net_tx_irq', 'bpf_page_cache_hit']",['poly_scaler.pkl'],AbsPower,11.23,13.83,11.23,0.0,0.0,4.23,12.41,-1.0,-1,13.83,PolynomialRegressionTrainer,4,BPFIRQ
22,6,LogarithmicRegressionTrainer_4,curvefit,LogarithmicRegressionTrainer_4.json,"['bpf_block_irq', 'bpf_cpu_time_ms', 'bpf_net_rx_irq', 'bpf_net_tx_irq', 'bpf_page_cache_hit']",[],AbsPower,14.39,16.64,14.39,0.0,0.0,6.05,12.87,-1.0,-1,16.64,LogarithmicRegressionTrainer,4,BPFIRQ
23,36,GradientBoostingRegressorTrainer_0,scikit,GradientBoostingRegressorTrainer_0.json,"['bpf_block_irq', 'bpf_cpu_time_ms', 'bpf_net_rx_irq', 'bpf_net_tx_irq', 'bpf_page_cache_hit']",[],AbsPower,14.99,4.95,14.99,0.0,0.0,0.88,8.85,-1.0,-1,4.95,GradientBoostingRegressorTrainer,0,BPFIRQ
29,14,SVRRegressorTrainer_4,scikit,SVRRegressorTrainer_4.json,"['bpf_block_irq', 'bpf_cpu_time_ms', 'bpf_net_rx_irq', 'bpf_net_tx_irq', 'bpf_page_cache_hit']",[],AbsPower,17.37,7.77,17.37,0.0,0.0,3.55,23.01,-1.0,-1,7.77,SVRRegressorTrainer,4,BPFIRQ
30,13,SGDRegressorTrainer_4,scikit,SGDRegressorTrainer_4.json,"['bpf_block_irq', 'bpf_cpu_time_ms', 'bpf_net_rx_irq', 'bpf_net_tx_irq', 'bpf_page_cache_hit']",[],AbsPower,17.99,19.05,17.99,0.0,0.0,5.5,13.72,-1.0,-1,19.05,SGDRegressorTrainer,4,BPFIRQ
31,17,XgboostFitTrainer_0,xgboost,XgboostFitTrainer_0.json,"['bpf_block_irq', 'bpf_cpu_time_ms', 'bpf_net_rx_irq', 'bpf_net_tx_irq', 'bpf_page_cache_hit']",[],AbsPower,18.14,1.27,18.14,0.0,0.0,0.19,12.34,-1.0,-1,1.27,XgboostFitTrainer,0,BPFIRQ
33,44,LinearRegressionTrainer_4,scikit,LinearRegressionTrainer_4.json,"['bpf_block_irq', 'bpf_cpu_time_ms', 'bpf_net_rx_irq', 'bpf_net_tx_irq', 'bpf_page_cache_hit']",[],AbsPower,21.44,15.51,21.44,0.0,0.0,5.67,20.19,-1.0,-1,15.51,LinearRegressionTrainer,4,BPFIRQ
34,43,ExponentialRegressionTrainer_4,curvefit,ExponentialRegressionTrainer_4.json,"['bpf_block_irq', 'bpf_cpu_time_ms', 'bpf_net_rx_irq', 'bpf_net_tx_irq', 'bpf_page_cache_hit']",[],AbsPower,23.53,14.29,23.53,0.0,0.0,4.03,20.57,-1.0,-1,14.29,ExponentialRegressionTrainer,4,BPFIRQ
35,22,KNeighborsRegressorTrainer_0,scikit,KNeighborsRegressorTrainer_0.json,"['bpf_block_irq', 'bpf_cpu_time_ms', 'bpf_net_rx_irq', 'bpf_net_tx_irq', 'bpf_page_cache_hit']",[],AbsPower,43.36,16.17,43.36,0.0,0.0,2.31,13.11,-1.0,-1,16.17,KNeighborsRegressorTrainer,0,BPFIRQ
36,10,LogarithmicRegressionTrainer_0,curvefit,LogarithmicRegressionTrainer_0.json,"['bpf_block_irq', 'bpf_cpu_time_ms', 'bpf_net_rx_irq', 'bpf_net_tx_irq', 'bpf_page_cache_hit']",[],AbsPower,48.22,13.67,48.22,0.0,0.0,2.09,25.47,-1.0,-1,13.67,LogarithmicRegressionTrainer,0,BPFIRQ
38,25,LinearRegressionTrainer_0,scikit,LinearRegressionTrainer_0.json,"['bpf_block_irq', 'bpf_cpu_time_ms', 'bpf_net_rx_irq', 'bpf_net_tx_irq', 'bpf_page_cache_hit']",[],AbsPower,76.28,9.7,76.28,0.0,0.0,1.74,66.8,-1.0,-1,9.7,LinearRegressionTrainer,0,BPFIRQ
39,26,ExponentialRegressionTrainer_0,curvefit,ExponentialRegressionTrainer_0.json,"['bpf_block_irq', 'bpf_cpu_time_ms', 'bpf_net_rx_irq', 'bpf_net_tx_irq', 'bpf_page_cache_hit']",[],AbsPower,79.17,12.56,79.17,0.0,0.0,2.2,51.42,-1.0,-1,12.56,ExponentialRegressionTrainer,0,BPFIRQ
40,1,SGDRegressorTrainer_0,scikit,SGDRegressorTrainer_0.json,"['bpf_block_irq', 'bpf_cpu_time_ms', 'bpf_net_rx_irq', 'bpf_net_tx_irq', 'bpf_page_cache_hit']",[],AbsPower,80.74,16.97,80.74,0.0,0.0,2.58,69.05,-1.0,-1,16.97,SGDRegressorTrainer,0,BPFIRQ
43,35,PolynomialRegressionTrainer_0,scikit,PolynomialRegressionTrainer_0.json,"['bpf_block_irq', 'bpf_cpu_time_ms', 'bpf_net_rx_irq', 'bpf_net_tx_irq', 'bpf_page_cache_hit']",['poly_scaler.pkl'],AbsPower,90.44,11.29,90.44,0.0,0.0,1.86,74.55,-1.0,-1,11.29,PolynomialRegressionTrainer,0,BPFIRQ
45,27,PolynomialRegressionTrainer_3,scikit,PolynomialRegressionTrainer_3.json,"['bpf_cpu_time_ms', 'bpf_page_cache_hit']",['poly_scaler.pkl'],AbsPower,0.0,0.05,0.0,0.0,0.0,0.0,0.0,0.01,-1,0.05,PolynomialRegressionTrainer,3,BPFOnly
46,30,PolynomialRegressionTrainer_2,scikit,PolynomialRegressionTrainer_2.json,"['bpf_cpu_time_ms', 'bpf_page_cache_hit']",['poly_scaler.pkl'],AbsPower,0.0,0.02,0.0,0.0,0.0,0.0,0.0,0.01,-1,0.02,PolynomialRegressionTrainer,2,BPFOnly
47,32,LinearRegressionTrainer_1,scikit,LinearRegressionTrainer_1.json,"['bpf_cpu_time_ms', 'bpf_page_cache_hit']",[],AbsPower,0.0,0.04,0.0,0.0,0.0,0.0,0.04,0.05,-1,0.04,LinearRegressionTrainer,1,BPFOnly
48,33,LinearRegressionTrainer_3,scikit,LinearRegressionTrainer_3.json,"['bpf_cpu_time_ms', 'bpf_page_cache_hit']",[],AbsPower,0.0,0.03,0.0,0.0,0.0,0.0,0.0,0.0,-1,0.03,LinearRegressionTrainer,3,BPFOnly
49,38,PolynomialRegressionTrainer_1,scikit,PolynomialRegressionTrainer_1.json,"['bpf_cpu_time_ms', 'bpf_page_cache_hit']",['poly_scaler.pkl'],AbsPower,0.0,0.04,0.0,0.0,0.0,0.0,0.01,0.0,-1,0.04,PolynomialRegressionTrainer,1,BPFOnly
50,40,LinearRegressionTrainer_2,scikit,LinearRegressionTrainer_2.json,"['bpf_cpu_time_ms', 'bpf_page_cache_hit']",[],AbsPower,0.0,0.03,0.0,0.0,0.0,0.0,0.01,0.0,-1,0.03,LinearRegressionTrainer,2,BPFOnly
51,5,SGDRegressorTrainer_3,scikit,SGDRegressorTrainer_3.json,"['bpf_cpu_time_ms', 'bpf_page_cache_hit']",[],AbsPower,0.37,31.26,0.37,0.23,0.0,0.28,2.48,3.94,-1,31.26,SGDRegressorTrainer,3,BPFOnly
52,2,SGDRegressorTrainer_1,scikit,SGDRegressorTrainer_1.json,"['bpf_cpu_time_ms', 'bpf_page_cache_hit']",[],AbsPower,0.4,30.67,0.37,0.4,0.0,0.28,4.77,4.99,-1,30.67,SGDRegressorTrainer,1,BPFOnly
53,7,SGDRegressorTrainer_2,scikit,SGDRegressorTrainer_2.json,"['bpf_cpu_time_ms', 'bpf_page_cache_hit']",[],AbsPower,0.44,24.08,0.44,0.27,0.0,0.36,9.02,5.26,-1,24.08,SGDRegressorTrainer,2,BPFOnly
54,28,GradientBoostingRegressorTrainer_3,scikit,GradientBoostingRegressorTrainer_3.json,"['bpf_cpu_time_ms', 'bpf_page_cache_hit']",[],AbsPower,0.57,1.64,0.4,0.57,0.0,0.15,1.97,1.17,-1,1.64,GradientBoostingRegressorTrainer,3,BPFOnly
55,20,XgboostFitTrainer_1,xgboost,XgboostFitTrainer_1.json,"['bpf_cpu_time_ms', 'bpf_page_cache_hit']",[],AbsPower,1.04,4.56,0.7,1.04,0.0,0.35,0.43,0.71,-1,4.56,XgboostFitTrainer,1,BPFOnly
56,29,GradientBoostingRegressorTrainer_2,scikit,GradientBoostingRegressorTrainer_2.json,"['bpf_cpu_time_ms', 'bpf_page_cache_hit']",[],AbsPower,1.26,1.21,0.16,1.26,0.0,0.05,2.09,2.84,-1,1.21,GradientBoostingRegressorTrainer,2,BPFOnly
57,21,XgboostFitTrainer_3,xgboost,XgboostFitTrainer_3.json,"['bpf_cpu_time_ms', 'bpf_page_cache_hit']",[],AbsPower,1.64,2.51,1.64,1.45,0.0,0.28,1.87,3.33,-1,2.51,XgboostFitTrainer,3,BPFOnly
58,23,KNeighborsRegressorTrainer_1,scikit,KNeighborsRegressorTrainer_1.json,"['bpf_cpu_time_ms', 'bpf_page_cache_hit']",[],AbsPower,1.74,1.6,1.26,1.74,0.0,0.22,1.21,2.17,-1,1.6,KNeighborsRegressorTrainer,1,BPFOnly
59,37,GradientBoostingRegressorTrainer_1,scikit,GradientBoostingRegressorTrainer_1.json,"['bpf_cpu_time_ms', 'bpf_page_cache_hit']",[],AbsPower,1.8,1.7,0.42,1.8,0.0,0.15,0.51,1.09,-1,1.7,GradientBoostingRegressorTrainer,1,BPFOnly
60,19,KNeighborsRegressorTrainer_2,scikit,KNeighborsRegressorTrainer_2.json,"['bpf_cpu_time_ms', 'bpf_page_cache_hit']",[],AbsPower,2.09,2.43,1.73,2.09,0.0,0.26,6.25,2.28,-1,2.43,KNeighborsRegressorTrainer,2,BPFOnly
61,24,XgboostFitTrainer_2,xgboost,XgboostFitTrainer_2.json,"['bpf_cpu_time_ms', 'bpf_page_cache_hit']",[],AbsPower,2.48,1.9,2.48,1.11,0.0,0.42,2.65,3.04,-1,1.9,XgboostFitTrainer,2,BPFOnly
62,18,KNeighborsRegressorTrainer_3,scikit,KNeighborsRegressorTrainer_3.json,"['bpf_cpu_time_ms', 'bpf_page_cache_hit']",[],AbsPower,2.65,4.28,2.65,0.91,0.0,0.17,2.87,1.02,-1,4.28,KNeighborsRegressorTrainer,3,BPFOnly
63,16,XgboostFitTrainer_4,xgboost,XgboostFitTrainer_4.json,"['bpf_cpu_time_ms', 'bpf_page_cache_hit']",[],AbsPower,5.04,9.82,5.04,0.0,0.0,2.92,3.65,-1.0,-1,9.82,XgboostFitTrainer,4,BPFOnly
64,15,KNeighborsRegressorTrainer_4,scikit,KNeighborsRegressorTrainer_4.json,"['bpf_cpu_time_ms', 'bpf_page_cache_hit']",[],AbsPower,5.83,7.17,5.83,0.0,0.0,2.8,5.19,-1.0,-1,7.17,KNeighborsRegressorTrainer,4,BPFOnly
65,42,GradientBoostingRegressorTrainer_4,scikit,GradientBoostingRegressorTrainer_4.json,"['bpf_cpu_time_ms', 'bpf_page_cache_hit']",[],AbsPower,5.85,10.3,5.85,0.0,0.0,3.21,3.77,-1.0,-1,10.3,GradientBoostingRegressorTrainer,4,BPFOnly
66,6,LogarithmicRegressionTrainer_4,curvefit,LogarithmicRegressionTrainer_4.json,"['bpf_cpu_time_ms', 'bpf_page_cache_hit']",[],AbsPower,13.46,16.3,13.46,0.0,0.0,5.54,10.67,-1.0,-1,16.3,LogarithmicRegressionTrainer,4,BPFOnly
72,41,PolynomialRegressionTrainer_4,scikit,PolynomialRegressionTrainer_4.json,"['bpf_cpu_time_ms', 'bpf_page_cache_hit']",['poly_scaler.pkl'],AbsPower,16.35,16.88,16.35,0.0,0.0,5.25,15.03,-1.0,-1,16.88,PolynomialRegressionTrainer,4,BPFOnly
74,14,SVRRegressorTrainer_4,scikit,SVRRegressorTrainer_4.json,"['bpf_cpu_time_ms', 'bpf_page_cache_hit']",[],AbsPower,18.86,7.77,18.86,0.0,0.0,3.13,23.53,-1.0,-1,7.77,SVRRegressorTrainer,4,BPFOnly
75,43,ExponentialRegressionTrainer_4,curvefit,ExponentialRegressionTrainer_4.json,"['bpf_cpu_time_ms', 'bpf_page_cache_hit']",[],AbsPower,24.34,16.49,24.34,0.0,0.0,5.25,24.78,-1.0,-1,16.49,ExponentialRegressionTrainer,4,BPFOnly
76,44,LinearRegressionTrainer_4,scikit,LinearRegressionTrainer_4.json,"['bpf_cpu_time_ms', 'bpf_page_cache_hit']",[],AbsPower,24.96,18.33,24.96,0.0,0.0,7.37,26.51,-1.0,-1,18.33,LinearRegressionTrainer,4,BPFOnly
77,36,GradientBoostingRegressorTrainer_0,scikit,GradientBoostingRegressorTrainer_0.json,"['bpf_cpu_time_ms', 'bpf_page_cache_hit']",[],AbsPower,25.0,6.82,25.0,0.0,0.0,1.01,20.42,-1.0,-1,6.82,GradientBoostingRegressorTrainer,0,BPFOnly
78,13,SGDRegressorTrainer_4,scikit,SGDRegressorTrainer_4.json,"['bpf_cpu_time_ms', 'bpf_page_cache_hit']",[],AbsPower,25.55,16.07,25.55,0.0,0.0,6.02,22.91,-1.0,-1,16.07,SGDRegressorTrainer,4,BPFOnly
79,17,XgboostFitTrainer_0,xgboost,XgboostFitTrainer_0.json,"['bpf_cpu_time_ms', 'bpf_page_cache_hit']",[],AbsPower,28.73,5.13,28.73,0.0,0.0,0.94,17.85,-1.0,-1,5.13,XgboostFitTrainer,0,BPFOnly
80,10,LogarithmicRegressionTrainer_0,curvefit,LogarithmicRegressionTrainer_0.json,"['bpf_cpu_time_ms', 'bpf_page_cache_hit']",[],AbsPower,31.17,11.64,31.17,0.0,0.0,2.13,15.13,-1.0,-1,11.64,LogarithmicRegressionTrainer,0,BPFOnly
81,35,PolynomialRegressionTrainer_0,scikit,PolynomialRegressionTrainer_0.json,"['bpf_cpu_time_ms', 'bpf_page_cache_hit']",['poly_scaler.pkl'],AbsPower,70.61,12.77,70.61,0.0,0.0,1.84,74.91,-1.0,-1,12.77,PolynomialRegressionTrainer,0,BPFOnly
85,22,KNeighborsRegressorTrainer_0,scikit,KNeighborsRegressorTrainer_0.json,"['bpf_cpu_time_ms', 'bpf_page_cache_hit']",[],AbsPower,83.99,6.88,83.99,0.0,0.0,1.29,39.99,-1.0,-1,6.88,KNeighborsRegressorTrainer,0,BPFOnly
86,1,SGDRegressorTrainer_0,scikit,SGDRegressorTrainer_0.json,"['bpf_cpu_time_ms', 'bpf_page_cache_hit']",[],AbsPower,86.31,11.99,86.31,0.0,0.0,2.09,36.63,-1.0,-1,11.99,SGDRegressorTrainer,0,BPFOnly
87,0,SVRRegressorTrainer_0,scikit,SVRRegressorTrainer_0.json,"['bpf_cpu_time_ms', 'bpf_page_cache_hit']",[],AbsPower,87.39,2.88,87.39,0.0,0.0,0.56,59.77,-1.0,-1,2.88,SVRRegressorTrainer,0,BPFOnly
88,25,LinearRegressionTrainer_0,scikit,LinearRegressionTrainer_0.json,"['bpf_cpu_time_ms', 'bpf_page_cache_hit']",[],AbsPower,89.36,7.58,89.36,0.0,0.0,1.47,84.81,-1.0,-1,7.58,LinearRegressionTrainer,0,BPFOnly
90,27,PolynomialRegressionTrainer_3,scikit,PolynomialRegressionTrainer_3.json,"['bpf_cpu_time_ms', 'bpf_page_cache_hit', 'cache_miss', 'cgroupfs_cpu_usage_us', 'cgroupfs_memory_usage_bytes', 'cgroupfs_system_cpu_usage_us', 'cgroupfs_user_cpu_usage_us', 'cpu_cycles', 'cpu_instructions']",['poly_scaler.pkl'],AbsPower,0.0,0.01,0.0,0.0,0.0,0.0,0.01,0.0,-1,0.01,PolynomialRegressionTrainer,3,Basic
91,30,PolynomialRegressionTrainer_2,scikit,PolynomialRegressionTrainer_2.json,"['bpf_cpu_time_ms', 'bpf_page_cache_hit', 'cache_miss', 'cgroupfs_cpu_usage_us', 'cgroupfs_memory_usage_bytes', 'cgroupfs_system_cpu_usage_us', 'cgroupfs_user_cpu_usage_us', 'cpu_cycles', 'cpu_instructions']",['poly_scaler.pkl'],AbsPower,0.0,0.03,0.0,0.0,0.0,0.0,0.0,0.02,-1,0.03,PolynomialRegressionTrainer,2,Basic
92,32,LinearRegressionTrainer_1,scikit,LinearRegressionTrainer_1.json,"['bpf_cpu_time_ms', 'bpf_page_cache_hit', 'cache_miss', 'cgroupfs_cpu_usage_us', 'cgroupfs_memory_usage_bytes', 'cgroupfs_system_cpu_usage_us', 'cgroupfs_user_cpu_usage_us', 'cpu_cycles', 'cpu_instructions']",[],AbsPower,0.0,0.02,0.0,0.0,0.0,0.0,0.0,0.05,-1,0.02,LinearRegressionTrainer,1,Basic
93,33,LinearRegressionTrainer_3,scikit,LinearRegressionTrainer_3.json,"['bpf_cpu_time_ms', 'bpf_page_cache_hit', 'cache_miss', 'cgroupfs_cpu_usage_us', 'cgroupfs_memory_usage_bytes', 'cgroupfs_system_cpu_usage_us', 'cgroupfs_user_cpu_usage_us', 'cpu_cycles', 'cpu_instructions']",[],AbsPower,0.0,0.04,0.0,0.0,0.0,0.0,0.0,0.0,-1,0.04,LinearRegressionTrainer,3,Basic
94,38,PolynomialRegressionTrainer_1,scikit,PolynomialRegressionTrainer_1.json,"['bpf_cpu_time_ms', 'bpf_page_cache_hit', 'cache_miss', 'cgroupfs_cpu_usage_us', 'cgroupfs_memory_usage_bytes', 'cgroupfs_system_cpu_usage_us', 'cgroupfs_user_cpu_usage_us', 'cpu_cycles', 'cpu_instructions']",['poly_scaler.pkl'],AbsPower,0.0,0.02,0.0,0.0,0.0,0.0,0.0,0.0,-1,0.02,PolynomialRegressionTrainer,1,Basic
95,40,LinearRegressionTrainer_2,scikit,LinearRegressionTrainer_2.json,"['bpf_cpu_time_ms', 'bpf_page_cache_hit', 'cache_miss', 'cgroupfs_cpu_usage_us', 'cgroupfs_memory_usage_bytes', 'cgroupfs_system_cpu_usage_us', 'cgroupfs_user_cpu_usage_us', 'cpu_cycles', 'cpu_instructions']",[],AbsPower,0.0,0.04,0.0,0.0,0.0,0.0,0.01,0.0,-1,0.04,LinearRegressionTrainer,2,Basic
96,29,GradientBoostingRegressorTrainer_2,scikit,GradientBoostingRegressorTrainer_2.json,"['bpf_cpu_time_ms', 'bpf_page_cache_hit', 'cache_miss', 'cgroupfs_cpu_usage_us', 'cgroupfs_memory_usage_bytes', 'cgroupfs_system_cpu_usage_us', 'cgroupfs_user_cpu_usage_us', 'cpu_cycles', 'cpu_instructions']",[],AbsPower,0.55,0.97,0.1,0.55,0.0,0.07,0.91,1.66,-1,0.97,GradientBoostingRegressorTrainer,2,Basic
97,21,XgboostFitTrainer_3,xgboost,XgboostFitTrainer_3.json,"['bpf_cpu_time_ms', 'bpf_page_cache_hit', 'cache_miss', 'cgroupfs_cpu_usage_us', 'cgroupfs_memory_usage_bytes', 'cgroupfs_system_cpu_usage_us', 'cgroupfs_user_cpu_usage_us', 'cpu_cycles', 'cpu_instructions']",[],AbsPower,0.81,3.1,0.64,0.81,0.0,0.43,1.96,1.67,-1,3.1,XgboostFitTrainer,3,Basic
98,28,GradientBoostingRegressorTrainer_3,scikit,GradientBoostingRegressorTrainer_3.json,"['bpf_cpu_time_ms', 'bpf_page_cache_hit', 'cache_miss', 'cgroupfs_cpu_usage_us', 'cgroupfs_memory_usage_bytes', 'cgroupfs_system_cpu_usage_us', 'cgroupfs_user_cpu_usage_us', 'cpu_cycles', 'cpu_instructions']",[],AbsPower,1.0,1.42,1.0,0.52,0.0,0.17,2.16,0.46,-1,1.42,GradientBoostingRegressorTrainer,3,Basic
99,42,GradientBoostingRegressorTrainer_4,scikit,GradientBoostingRegressorTrainer_4.json,"['bpf_cpu_time_ms', 'bpf_page_cache_hit', 'cache_miss', 'cgroupfs_cpu_usage_us', 'cgroupfs_memory_usage_bytes', 'cgroupfs_system_cpu_usage_us', 'cgroupfs_user_cpu_usage_us', 'cpu_cycles', 'cpu_instructions']",[],AbsPower,2.15,0.96,2.15,0.0,0.0,0.31,1.56,-1.0,-1,0.96,GradientBoostingRegressorTrainer,4,Basic
100,37,GradientBoostingRegressorTrainer_1,scikit,GradientBoostingRegressorTrainer_1.json,"['bpf_cpu_time_ms', 'bpf_page_cache_hit', 'cache_miss', 'cgroupfs_cpu_usage_us', 'cgroupfs_memory_usage_bytes', 'cgroupfs_system_cpu_usage_us', 'cgroupfs_user_cpu_usage_us', 'cpu_cycles', 'cpu_instructions']",[],AbsPower,2.16,2.32,0.04,2.16,0.0,0.13,0.19,2.57,-1,2.32,GradientBoostingRegressorTrainer,1,Basic
101,16,XgboostFitTrainer_4,xgboost,XgboostFitTrainer_4.json,"['bpf_cpu_time_ms', 'bpf_page_cache_hit', 'cache_miss', 'cgroupfs_cpu_usage_us', 'cgroupfs_memory_usage_bytes', 'cgroupfs_system_cpu_usage_us', 'cgroupfs_user_cpu_usage_us', 'cpu_cycles', 'cpu_instructions']",[],AbsPower,2.38,1.28,2.38,0.0,0.0,0.39,1.82,-1.0,-1,1.28,XgboostFitTrainer,4,Basic
102,41,PolynomialRegressionTrainer_4,scikit,PolynomialRegressionTrainer_4.json,"['bpf_cpu_time_ms', 'bpf_page_cache_hit', 'cache_miss', 'cgroupfs_cpu_usage_us', 'cgroupfs_memory_usage_bytes', 'cgroupfs_system_cpu_usage_us', 'cgroupfs_user_cpu_usage_us', 'cpu_cycles', 'cpu_instructions']",['poly_scaler.pkl'],AbsPower,2.56,1.72,2.56,0.0,0.0,0.53,1.82,-1.0,-1,1.72,PolynomialRegressionTrainer,4,Basic
103,15,KNeighborsRegressorTrainer_4,scikit,KNeighborsRegressorTrainer_4.json,"['bpf_cpu_time_ms', 'bpf_page_cache_hit', 'cache_miss', 'cgroupfs_cpu_usage_us', 'cgroupfs_memory_usage_bytes', 'cgroupfs_system_cpu_usage_us', 'cgroupfs_user_cpu_usage_us', 'cpu_cycles', 'cpu_instructions']",[],AbsPower,2.71,3.35,2.71,0.0,0.0,0.94,1.87,-1.0,-1,3.35,KNeighborsRegressorTrainer,4,Basic
104,24,XgboostFitTrainer_2,xgboost,XgboostFitTrainer_2.json,"['bpf_cpu_time_ms', 'bpf_page_cache_hit', 'cache_miss', 'cgroupfs_cpu_usage_us', 'cgroupfs_memory_usage_bytes', 'cgroupfs_system_cpu_usage_us', 'cgroupfs_user_cpu_usage_us', 'cpu_cycles', 'cpu_instructions']",[],AbsPower,2.8,3.9,2.8,1.47,0.0,0.46,5.75,2.77,-1,3.9,XgboostFitTrainer,2,Basic
105,20,XgboostFitTrainer_1,xgboost,XgboostFitTrainer_1.json,"['bpf_cpu_time_ms', 'bpf_page_cache_hit', 'cache_miss', 'cgroupfs_cpu_usage_us', 'cgroupfs_memory_usage_bytes', 'cgroupfs_system_cpu_usage_us', 'cgroupfs_user_cpu_usage_us', 'cpu_cycles', 'cpu_instructions']",[],AbsPower,2.84,0.99,1.44,2.84,0.0,0.22,2.33,5.5,-1,0.99,XgboostFitTrainer,1,Basic
106,44,LinearRegressionTrainer_4,scikit,LinearRegressionTrainer_4.json,"['bpf_cpu_time_ms', 'bpf_page_cache_hit', 'cache_miss', 'cgroupfs_cpu_usage_us', 'cgroupfs_memory_usage_bytes', 'cgroupfs_system_cpu_usage_us', 'cgroupfs_user_cpu_usage_us', 'cpu_cycles', 'cpu_instructions']",[],AbsPower,3.58,6.66,3.58,0.0,0.0,2.12,2.9,-1.0,-1,6.66,LinearRegressionTrainer,4,Basic
107,17,XgboostFitTrainer_0,xgboost,XgboostFitTrainer_0.json,"['bpf_cpu_time_ms', 'bpf_page_cache_hit', 'cache_miss', 'cgroupfs_cpu_usage_us', 'cgroupfs_memory_usage_bytes', 'cgroupfs_system_cpu_usage_us', 'cgroupfs_user_cpu_usage_us', 'cpu_cycles', 'cpu_instructions']",[],AbsPower,4.05,1.15,4.05,0.0,0.0,0.19,2.04,-1.0,-1,1.15,XgboostFitTrainer,0,Basic
108,13,SGDRegressorTrainer_4,scikit,SGDRegressorTrainer_4.json,"['bpf_cpu_time_ms', 'bpf_page_cache_hit', 'cache_miss', 'cgroupfs_cpu_usage_us', 'cgroupfs_memory_usage_bytes', 'cgroupfs_system_cpu_usage_us', 'cgroupfs_user_cpu_usage_us', 'cpu_cycles', 'cpu_instructions']",[],AbsPower,4.11,5.51,4.11,0.0,0.0,1.7,3.1,-1.0,-1,5.51,SGDRegressorTrainer,4,Basic
109,25,LinearRegressionTrainer_0,scikit,LinearRegressionTrainer_0.json,"['bpf_cpu_time_ms', 'bpf_page_cache_hit', 'cache_miss', 'cgroupfs_cpu_usage_us', 'cgroupfs_memory_usage_bytes', 'cgroupfs_system_cpu_usage_us', 'cgroupfs_user_cpu_usage_us', 'cpu_cycles', 'cpu_instructions']",[],AbsPower,4.23,4.35,4.23,0.0,0.0,0.8,1.77,-1.0,-1,4.35,LinearRegressionTrainer,0,Basic
111,23,KNeighborsRegressorTrainer_1,scikit,KNeighborsRegressorTrainer_1.json,"['bpf_cpu_time_ms', 'bpf_page_cache_hit', 'cache_miss', 'cgroupfs_cpu_usage_us', 'cgroupfs_memory_usage_bytes', 'cgroupfs_system_cpu_usage_us', 'cgroupfs_user_cpu_usage_us', 'cpu_cycles', 'cpu_instructions']",[],AbsPower,5.02,5.5,5.02,3.87,0.0,0.62,5.74,15.84,-1,5.5,KNeighborsRegressorTrainer,1,Basic
112,7,SGDRegressorTrainer_2,scikit,SGDRegressorTrainer_2.json,"['bpf_cpu_time_ms', 'bpf_page_cache_hit', 'cache_miss', 'cgroupfs_cpu_usage_us', 'cgroupfs_memory_usage_bytes', 'cgroupfs_system_cpu_usage_us', 'cgroupfs_user_cpu_usage_us', 'cpu_cycles', 'cpu_instructions']",[],AbsPower,5.61,44.09,5.61,4.45,0.0,0.93,67.56,56.82,-1,44.09,SGDRegressorTrainer,2,Basic
113,14,SVRRegressorTrainer_4,scikit,SVRRegressorTrainer_4.json,"['bpf_cpu_time_ms', 'bpf_page_cache_hit', 'cache_miss', 'cgroupfs_cpu_usage_us', 'cgroupfs_memory_usage_bytes', 'cgroupfs_system_cpu_usage_us', 'cgroupfs_user_cpu_usage_us', 'cpu_cycles', 'cpu_instructions']",[],AbsPower,6.4,1.87,6.4,0.0,0.0,0.7,5.44,-1.0,-1,1.87,SVRRegressorTrainer,4,Basic
114,19,KNeighborsRegressorTrainer_2,scikit,KNeighborsRegressorTrainer_2.json,"['bpf_cpu_time_ms', 'bpf_page_cache_hit', 'cache_miss', 'cgroupfs_cpu_usage_us', 'cgroupfs_memory_usage_bytes', 'cgroupfs_system_cpu_usage_us', 'cgroupfs_user_cpu_usage_us', 'cpu_cycles', 'cpu_instructions']",[],AbsPower,6.73,10.56,6.73,6.62,0.0,0.51,14.05,11.66,-1,10.56,KNeighborsRegressorTrainer,2,Basic
115,35,PolynomialRegressionTrainer_0,scikit,PolynomialRegressionTrainer_0.json,"['bpf_cpu_time_ms', 'bpf_page_cache_hit', 'cache_miss', 'cgroupfs_cpu_usage_us', 'cgroupfs_memory_usage_bytes', 'cgroupfs_system_cpu_usage_us', 'cgroupfs_user_cpu_usage_us', 'cpu_cycles', 'cpu_instructions']",['poly_scaler.pkl'],AbsPower,7.06,1.23,7.06,0.0,0.0,0.21,3.25,-1.0,-1,1.23,PolynomialRegressionTrainer,0,Basic
117,22,KNeighborsRegressorTrainer_0,scikit,KNeighborsRegressorTrainer_0.json,"['bpf_cpu_time_ms', 'bpf_page_cache_hit', 'cache_miss', 'cgroupfs_cpu_usage_us', 'cgroupfs_memory_usage_bytes', 'cgroupfs_system_cpu_usage_us', 'cgroupfs_user_cpu_usage_us', 'cpu_cycles', 'cpu_instructions']",[],AbsPower,8.07,0.95,8.07,0.0,0.0,0.17,5.09,-1.0,-1,0.95,KNeighborsRegressorTrainer,0,Basic
118,1,SGDRegressorTrainer_0,scikit,SGDRegressorTrainer_0.json,"['bpf_cpu_time_ms', 'bpf_page_cache_hit', 'cache_miss', 'cgroupfs_cpu_usage_us', 'cgroupfs_memory_usage_bytes', 'cgroupfs_system_cpu_usage_us', 'cgroupfs_user_cpu_usage_us', 'cpu_cycles', 'cpu_instructions']",[],AbsPower,8.53,3.96,8.53,0.0,0.0,0.63,4.98,-1.0,-1,3.96,SGDRegressorTrainer,0,Basic
119,18,KNeighborsRegressorTrainer_3,scikit,KNeighborsRegressorTrainer_3.json,"['bpf_cpu_time_ms', 'bpf_page_cache_hit', 'cache_miss', 'cgroupfs_cpu_usage_us', 'cgroupfs_memory_usage_bytes', 'cgroupfs_system_cpu_usage_us', 'cgroupfs_user_cpu_usage_us', 'cpu_cycles', 'cpu_instructions']",[],AbsPower,8.84,11.16,4.58,8.84,0.0,1.09,13.51,24.57,-1,11.16,KNeighborsRegressorTrainer,3,Basic
122,36,GradientBoostingRegressorTrainer_0,scikit,GradientBoostingRegressorTrainer_0.json,"['bpf_cpu_time_ms', 'bpf_page_cache_hit', 'cache_miss', 'cgroupfs_cpu_usage_us', 'cgroupfs_memory_usage_bytes', 'cgroupfs_system_cpu_usage_us', 'cgroupfs_user_cpu_usage_us', 'cpu_cycles', 'cpu_instructions']",[],AbsPower,10.7,0.99,10.7,0.0,0.0,0.16,3.85,-1.0,-1,0.99,GradientBoostingRegressorTrainer,0,Basic
127,6,LogarithmicRegressionTrainer_4,curvefit,LogarithmicRegressionTrainer_4.json,"['bpf_cpu_time_ms', 'bpf_page_cache_hit', 'cache_miss', 'cgroupfs_cpu_usage_us', 'cgroupfs_memory_usage_bytes', 'cgroupfs_system_cpu_usage_us', 'cgroupfs_user_cpu_usage_us', 'cpu_cycles', 'cpu_instructions']",[],AbsPower,20.29,5.56,20.29,0.0,0.0,1.55,13.28,-1.0,-1,5.56,LogarithmicRegressionTrainer,4,Basic
128,10,LogarithmicRegressionTrainer_0,curvefit,LogarithmicRegressionTrainer_0.json,"['bpf_cpu_time_ms', 'bpf_page_cache_hit', 'cache_miss', 'cgroupfs_cpu_usage_us', 'cgroupfs_memory_usage_bytes', 'cgroupfs_system_cpu_usage_us', 'cgroupfs_user_cpu_usage_us', 'cpu_cycles', 'cpu_instructions']",[],AbsPower,27.97,17.56,27.97,0.0,0.0,2.6,10.32,-1.0,-1,17.56,LogarithmicRegressionTrainer,0,Basic
129,43,ExponentialRegressionTrainer_4,curvefit,ExponentialRegressionTrainer_4.json,"['bpf_cpu_time_ms', 'bpf_page_cache_hit', 'cache_miss', 'cgroupfs_cpu_usage_us', 'cgroupfs_memory_usage_bytes', 'cgroupfs_system_cpu_usage_us', 'cgroupfs_user_cpu_usage_us', 'cpu_cycles', 'cpu_instructions']",[],AbsPower,29.72,6.38,29.72,0.0,0.0,1.94,28.0,-1.0,-1,6.38,ExponentialRegressionTrainer,4,Basic
131,26,ExponentialRegressionTrainer_0,curvefit,ExponentialRegressionTrainer_0.json,"['bpf_cpu_time_ms', 'bpf_page_cache_hit', 'cache_miss', 'cgroupfs_cpu_usage_us', 'cgroupfs_memory_usage_bytes', 'cgroupfs_system_cpu_usage_us', 'cgroupfs_user_cpu_usage_us', 'cpu_cycles', 'cpu_instructions']",[],AbsPower,55.89,12.21,55.89,0.0,0.0,2.12,29.69,-1.0,-1,12.21,ExponentialRegressionTrainer,0,Basic
135,16,XgboostFitTrainer_4,xgboost,XgboostFitTrainer_4.json,"['cgroupfs_cpu_usage_us', 'cgroupfs_memory_usage_bytes', 'cgroupfs_system_cpu_usage_us', 'cgroupfs_user_cpu_usage_us']",[],AbsPower,51.94,18.06,51.94,0.0,0.0,6.15,61.42,-1.0,-1,18.06,XgboostFitTrainer,4,CgroupOnly
136,15,KNeighborsRegressorTrainer_4,scikit,KNeighborsRegressorTrainer_4.json,"['cgroupfs_cpu_usage_us', 'cgroupfs_memory_usage_bytes', 'cgroupfs_system_cpu_usage_us', 'cgroupfs_user_cpu_usage_us']",[],AbsPower,52.52,18.74,52.52,0.0,0.0,5.33,47.23,-1.0,-1,18.74,KNeighborsRegressorTrainer,4,CgroupOnly
137,41,PolynomialRegressionTrainer_4,scikit,PolynomialRegressionTrainer_4.json,"['cgroupfs_cpu_usage_us', 'cgroupfs_memory_usage_bytes', 'cgroupfs_system_cpu_usage_us', 'cgroupfs_user_cpu_usage_us']",['poly_scaler.pkl'],AbsPower,53.05,17.24,53.05,0.0,0.0,5.33,52.81,-1.0,-1,17.24,PolynomialRegressionTrainer,4,CgroupOnly
138,44,LinearRegressionTrainer_4,scikit,LinearRegressionTrainer_4.json,"['cgroupfs_cpu_usage_us', 'cgroupfs_memory_usage_bytes', 'cgroupfs_system_cpu_usage_us', 'cgroupfs_user_cpu_usage_us']",[],AbsPower,53.74,18.07,53.74,0.0,0.0,6.15,53.31,-1.0,-1,18.07,LinearRegressionTrainer,4,CgroupOnly
139,42,GradientBoostingRegressorTrainer_4,scikit,GradientBoostingRegressorTrainer_4.json,"['cgroupfs_cpu_usage_us', 'cgroupfs_memory_usage_bytes', 'cgroupfs_system_cpu_usage_us', 'cgroupfs_user_cpu_usage_us']",[],AbsPower,54.36,15.08,54.36,0.0,0.0,5.28,46.22,-1.0,-1,15.08,GradientBoostingRegressorTrainer,4,CgroupOnly
140,43,ExponentialRegressionTrainer_4,curvefit,ExponentialRegressionTrainer_4.json,"['cgroupfs_cpu_usage_us', 'cgroupfs_memory_usage_bytes', 'cgroupfs_system_cpu_usage_us', 'cgroupfs_user_cpu_usage_us']",[],AbsPower,55.75,17.14,55.75,0.0,0.0,5.39,54.63,-1.0,-1,17.14,ExponentialRegressionTrainer,4,CgroupOnly
141,6,LogarithmicRegressionTrainer_4,curvefit,LogarithmicRegressionTrainer_4.json,"['cgroupfs_cpu_usage_us', 'cgroupfs_memory_usage_bytes', 'cgroupfs_system_cpu_usage_us', 'cgroupfs_user_cpu_usage_us']",[],AbsPower,58.11,17.2,58.11,0.0,0.0,5.91,65.03,-1.0,-1,17.2,LogarithmicRegressionTrainer,4,CgroupOnly
142,13,SGDRegressorTrainer_4,scikit,SGDRegressorTrainer_4.json,"['cgroupfs_cpu_usage_us', 'cgroupfs_memory_usage_bytes', 'cgroupfs_system_cpu_usage_us', 'cgroupfs_user_cpu_usage_us']",[],AbsPower,60.41,15.87,60.41,0.0,0.0,5.84,68.75,-1.0,-1,15.87,SGDRegressorTrainer,4,CgroupOnly
143,14,SVRRegressorTrainer_4,scikit,SVRRegressorTrainer_4.json,"['cgroupfs_cpu_usage_us', 'cgroupfs_memory_usage_bytes', 'cgroupfs_system_cpu_usage_us', 'cgroupfs_user_cpu_usage_us']",[],AbsPower,61.71,8.2,61.71,0.0,0.0,2.61,62.7,-1.0,-1,8.2,SVRRegressorTrainer,4,CgroupOnly
148,0,SVRRegressorTrainer_0,scikit,SVRRegressorTrainer_0.json,"['cgroupfs_cpu_usage_us', 'cgroupfs_memory_usage_bytes', 'cgroupfs_system_cpu_usage_us', 'cgroupfs_user_cpu_usage_us']",[],AbsPower,95.91,19.79,95.91,0.0,0.0,2.71,44.24,-1.0,-1,19.79,SVRRegressorTrainer,0,CgroupOnly
150,17,XgboostFitTrainer_0,xgboost,XgboostFitTrainer_0.json,"['cgroupfs_cpu_usage_us', 'cgroupfs_memory_usage_bytes', 'cgroupfs_system_cpu_usage_us', 'cgroupfs_user_cpu_usage_us']",[],AbsPower,99.93,13.03,99.93,0.0,0.0,2.18,37.33,-1.0,-1,13.03,XgboostFitTrainer,0,CgroupOnly
180,16,XgboostFitTrainer_4,xgboost,XgboostFitTrainer_4.json,"['bpf_block_irq', 'bpf_net_rx_irq', 'bpf_net_tx_irq', 'cache_miss', 'cpu_cycles', 'cpu_instructions']",[],AbsPower,2.28,1.51,2.28,0.0,0.0,0.45,1.5,-1.0,-1,1.51,XgboostFitTrainer,4,CounterIRQCombined
181,42,GradientBoostingRegressorTrainer_4,scikit,GradientBoostingRegressorTrainer_4.json,"['bpf_block_irq', 'bpf_net_rx_irq', 'bpf_net_tx_irq', 'cache_miss', 'cpu_cycles', 'cpu_instructions']",[],AbsPower,2.62,1.36,2.62,0.0,0.0,0.41,2.11,-1.0,-1,1.36,GradientBoostingRegressorTrainer,4,CounterIRQCombined
182,28,GradientBoostingRegressorTrainer_3,scikit,GradientBoostingRegressorTrainer_3.json,"['bpf_block_irq', 'bpf_net_rx_irq', 'bpf_net_tx_irq', 'cache_miss', 'cpu_cycles', 'cpu_instructions']",[],AbsPower,2.93,27.04,1.77,2.93,0.0,0.5,20.25,32.76,-1,27.04,GradientBoostingRegressorTrainer,3,CounterIRQCombined
183,30,PolynomialRegressionTrainer_2,scikit,PolynomialRegressionTrainer_2.json,"['bpf_block_irq', 'bpf_net_rx_irq', 'bpf_net_tx_irq', 'cache_miss', 'cpu_cycles', 'cpu_instructions']",['poly_scaler.pkl'],AbsPower,2.94,15.26,2.94,2.35,0.0,0.46,14.66,16.39,-1,15.26,PolynomialRegressionTrainer,2,CounterIRQCombined
184,38,PolynomialRegressionTrainer_1,scikit,PolynomialRegressionTrainer_1.json,"['bpf_block_irq', 'bpf_net_rx_irq', 'bpf_net_tx_irq', 'cache_miss', 'cpu_cycles', 'cpu_instructions']",['poly_scaler.pkl'],AbsPower,3.07,14.97,2.87,3.07,0.0,0.29,14.64,20.59,-1,14.97,PolynomialRegressionTrainer,1,CounterIRQCombined
185,41,PolynomialRegressionTrainer_4,scikit,PolynomialRegressionTrainer_4.json,"['bpf_block_irq', 'bpf_net_rx_irq', 'bpf_net_tx_irq', 'cache_miss', 'cpu_cycles', 'cpu_instructions']",['poly_scaler.pkl'],AbsPower,3.07,3.05,3.07,0.0,0.0,1.09,2.33,-1.0,-1,3.05,PolynomialRegressionTrainer,4,CounterIRQCombined
186,15,KNeighborsRegressorTrainer_4,scikit,KNeighborsRegressorTrainer_4.json,"['bpf_block_irq', 'bpf_net_rx_irq', 'bpf_net_tx_irq', 'cache_miss', 'cpu_cycles', 'cpu_instructions']",[],AbsPower,3.48,1.76,3.48,0.0,0.0,0.51,2.31,-1.0,-1,1.76,KNeighborsRegressorTrainer,4,CounterIRQCombined
187,36,GradientBoostingRegressorTrainer_0,scikit,GradientBoostingRegressorTrainer_0.json,"['bpf_block_irq', 'bpf_net_rx_irq', 'bpf_net_tx_irq', 'cache_miss', 'cpu_cycles', 'cpu_instructions']",[],AbsPower,3.95,0.72,3.95,0.0,0.0,0.11,1.32,-1.0,-1,0.72,GradientBoostingRegressorTrainer,0,CounterIRQCombined
188,44,LinearRegressionTrainer_4,scikit,LinearRegressionTrainer_4.json,"['bpf_block_irq', 'bpf_net_rx_irq', 'bpf_net_tx_irq', 'cache_miss', 'cpu_cycles', 'cpu_instructions']",[],AbsPower,4.15,5.44,4.15,0.0,0.0,1.83,3.07,-1.0,-1,5.44,LinearRegressionTrainer,4,CounterIRQCombined
189,13,SGDRegressorTrainer_4,scikit,SGDRegressorTrainer_4.json,"['bpf_block_irq', 'bpf_net_rx_irq', 'bpf_net_tx_irq', 'cache_miss', 'cpu_cycles', 'cpu_instructions']",[],AbsPower,4.71,5.89,4.71,0.0,0.0,1.94,3.16,-1.0,-1,5.89,SGDRegressorTrainer,4,CounterIRQCombined
190,27,PolynomialRegressionTrainer_3,scikit,PolynomialRegressionTrainer_3.json,"['bpf_block_irq', 'bpf_net_rx_irq', 'bpf_net_tx_irq', 'cache_miss', 'cpu_cycles', 'cpu_instructions']",['poly_scaler.pkl'],AbsPower,4.87,52.05,4.03,4.87,0.0,0.51,47.22,61.94,-1,52.05,PolynomialRegressionTrainer,3,CounterIRQCombined
191,19,KNeighborsRegressorTrainer_2,scikit,KNeighborsRegressorTrainer_2.json,"['bpf_block_irq', 'bpf_net_rx_irq', 'bpf_net_tx_irq', 'cache_miss', 'cpu_cycles', 'cpu_instructions']",[],AbsPower,4.95,31.97,4.95,3.73,0.0,0.63,22.09,18.73,-1,31.97,KNeighborsRegressorTrainer,2,CounterIRQCombined
192,21,XgboostFitTrainer_3,xgboost,XgboostFitTrainer_3.json,"['bpf_block_irq', 'bpf_net_rx_irq', 'bpf_net_tx_irq', 'cache_miss', 'cpu_cycles', 'cpu_instructions']",[],AbsPower,5.03,12.39,3.17,5.03,0.0,0.79,5.98,47.0,-1,12.39,XgboostFitTrainer,3,CounterIRQCombined
193,14,SVRRegressorTrainer_4,scikit,SVRRegressorTrainer_4.json,"['bpf_block_irq', 'bpf_net_rx_irq', 'bpf_net_tx_irq', 'cache_miss', 'cpu_cycles', 'cpu_instructions']",[],AbsPower,6.54,3.13,6.54,0.0,0.0,1.23,6.27,-1.0,-1,3.13,SVRRegressorTrainer,4,CounterIRQCombined
195,29,GradientBoostingRegressorTrainer_2,scikit,GradientBoostingRegressorTrainer_2.json,"['bpf_block_irq', 'bpf_net_rx_irq', 'bpf_net_tx_irq', 'cache_miss', 'cpu_cycles', 'cpu_instructions']",[],AbsPower,8.31,13.87,8.31,3.66,0.0,0.91,10.61,6.77,-1,13.87,GradientBoostingRegressorTrainer,2,CounterIRQCombined
196,25,LinearRegressionTrainer_0,scikit,LinearRegressionTrainer_0.json,"['bpf_block_irq', 'bpf_net_rx_irq', 'bpf_net_tx_irq', 'cache_miss', 'cpu_cycles', 'cpu_instructions']",[],AbsPower,8.42,4.98,8.42,0.0,0.0,0.93,3.59,-1.0,-1,4.98,LinearRegressionTrainer,0,CounterIRQCombined
197,35,PolynomialRegressionTrainer_0,scikit,PolynomialRegressionTrainer_0.json,"['bpf_block_irq', 'bpf_net_rx_irq', 'bpf_net_tx_irq', 'cache_miss', 'cpu_cycles', 'cpu_instructions']",['poly_scaler.pkl'],AbsPower,8.46,1.49,8.46,0.0,0.0,0.25,4.22,-1.0,-1,1.49,PolynomialRegressionTrainer,0,CounterIRQCombined
198,18,KNeighborsRegressorTrainer_3,scikit,KNeighborsRegressorTrainer_3.json,"['bpf_block_irq', 'bpf_net_rx_irq', 'bpf_net_tx_irq', 'cache_miss', 'cpu_cycles', 'cpu_instructions']",[],AbsPower,9.07,19.29,4.76,9.07,0.0,1.22,11.76,11.6,-1,19.29,KNeighborsRegressorTrainer,3,CounterIRQCombined
200,33,LinearRegressionTrainer_3,scikit,LinearRegressionTrainer_3.json,"['bpf_block_irq', 'bpf_net_rx_irq', 'bpf_net_tx_irq', 'cache_miss', 'cpu_cycles', 'cpu_instructions']",[],AbsPower,9.34,99.82,8.91,9.34,0.0,2.04,167.56,122.66,-1,99.82,LinearRegressionTrainer,3,CounterIRQCombined
201,23,KNeighborsRegressorTrainer_1,scikit,KNeighborsRegressorTrainer_1.json,"['bpf_block_irq', 'bpf_net_rx_irq', 'bpf_net_tx_irq', 'cache_miss', 'cpu_cycles', 'cpu_instructions']",[],AbsPower,9.38,15.99,9.38,6.6,0.0,1.44,59.73,23.02,-1,15.99,KNeighborsRegressorTrainer,1,CounterIRQCombined
203,37,GradientBoostingRegressorTrainer_1,scikit,GradientBoostingRegressorTrainer_1.json,"['bpf_block_irq', 'bpf_net_rx_irq', 'bpf_net_tx_irq', 'cache_miss', 'cpu_cycles', 'cpu_instructions']",[],AbsPower,9.56,21.38,9.56,6.22,0.0,0.4,10.31,23.13,-1,21.38,GradientBoostingRegressorTrainer,1,CounterIRQCombined
204,20,XgboostFitTrainer_1,xgboost,XgboostFitTrainer_1.json,"['bpf_block_irq', 'bpf_net_rx_irq', 'bpf_net_tx_irq', 'cache_miss', 'cpu_cycles', 'cpu_instructions']",[],AbsPower,9.77,11.47,2.88,9.77,0.0,0.22,5.4,14.43,-1,11.47,XgboostFitTrainer,1,CounterIRQCombined
205,22,KNeighborsRegressorTrainer_0,scikit,KNeighborsRegressorTrainer_0.json,"['bpf_block_irq', 'bpf_net_rx_irq', 'bpf_net_tx_irq', 'cache_miss', 'cpu_cycles', 'cpu_instructions']",[],AbsPower,10.3,3.11,10.3,0.0,0.0,0.49,3.97,-1.0,-1,3.11,KNeighborsRegressorTrainer,0,CounterIRQCombined
207,17,XgboostFitTrainer_0,xgboost,XgboostFitTrainer_0.json,"['bpf_block_irq', 'bpf_net_rx_irq', 'bpf_net_tx_irq', 'cache_miss', 'cpu_cycles', 'cpu_instructions']",[],AbsPower,10.51,2.43,10.51,0.0,0.0,0.35,5.43,-1.0,-1,2.43,XgboostFitTrainer,0,CounterIRQCombined
213,1,SGDRegressorTrainer_0,scikit,SGDRegressorTrainer_0.json,"['bpf_block_irq', 'bpf_net_rx_irq', 'bpf_net_tx_irq', 'cache_miss', 'cpu_cycles', 'cpu_instructions']",[],AbsPower,15.06,6.25,15.06,0.0,0.0,0.91,8.18,-1.0,-1,6.25,SGDRegressorTrainer,0,CounterIRQCombined
216,6,LogarithmicRegressionTrainer_4,curvefit,LogarithmicRegressionTrainer_4.json,"['bpf_block_irq', 'bpf_net_rx_irq', 'bpf_net_tx_irq', 'cache_miss', 'cpu_cycles', 'cpu_instructions']",[],AbsPower,21.99,6.11,21.99,0.0,0.0,1.79,16.03,-1.0,-1,6.11,LogarithmicRegressionTrainer,4,CounterIRQCombined
218,43,ExponentialRegressionTrainer_4,curvefit,ExponentialRegressionTrainer_4.json,"['bpf_block_irq', 'bpf_net_rx_irq', 'bpf_net_tx_irq', 'cache_miss', 'cpu_cycles', 'cpu_instructions']",[],AbsPower,28.89,6.49,28.89,0.0,0.0,2.09,28.3,-1.0,-1,6.49,ExponentialRegressionTrainer,4,CounterIRQCombined
219,10,LogarithmicRegressionTrainer_0,curvefit,LogarithmicRegressionTrainer_0.json,"['bpf_block_irq', 'bpf_net_rx_irq', 'bpf_net_tx_irq', 'cache_miss', 'cpu_cycles', 'cpu_instructions']",[],AbsPower,32.25,18.25,32.25,0.0,0.0,2.78,11.07,-1.0,-1,18.25,LogarithmicRegressionTrainer,0,CounterIRQCombined
220,26,ExponentialRegressionTrainer_0,curvefit,ExponentialRegressionTrainer_0.json,"['bpf_block_irq', 'bpf_net_rx_irq', 'bpf_net_tx_irq', 'cache_miss', 'cpu_cycles', 'cpu_instructions']",[],AbsPower,50.86,15.53,50.86,0.0,0.0,2.58,29.18,-1.0,-1,15.53,ExponentialRegressionTrainer,0,CounterIRQCombined
225,16,XgboostFitTrainer_4,xgboost,XgboostFitTrainer_4.json,"['cache_miss', 'cpu_cycles', 'cpu_instructions']",[],AbsPower,2.31,1.79,2.31,0.0,0.0,0.55,1.64,-1.0,-1,1.79,XgboostFitTrainer,4,CounterOnly
226,42,GradientBoostingRegressorTrainer_4,scikit,GradientBoostingRegressorTrainer_4.json,"['cache_miss', 'cpu_cycles', 'cpu_instructions']",[],AbsPower,2.58,1.31,2.58,0.0,0.0,0.39,1.7,-1.0,-1,1.31,GradientBoostingRegressorTrainer,4,CounterOnly
227,15,KNeighborsRegressorTrainer_4,scikit,KNeighborsRegressorTrainer_4.json,"['cache_miss', 'cpu_cycles', 'cpu_instructions']",[],AbsPower,2.75,1.46,2.75,0.0,0.0,0.46,1.91,-1.0,-1,1.46,KNeighborsRegressorTrainer,4,CounterOnly
228,30,PolynomialRegressionTrainer_2,scikit,PolynomialRegressionTrainer_2.json,"['cache_miss', 'cpu_cycles', 'cpu_instructions']",['poly_scaler.pkl'],AbsPower,3.22,13.02,3.22,2.22,0.0,0.47,12.3,10.04,-1,13.02,PolynomialRegressionTrainer,2,CounterOnly
229,41,PolynomialRegressionTrainer_4,scikit,PolynomialRegressionTrainer_4.json,"['cache_miss', 'cpu_cycles', 'cpu_instructions']",['poly_scaler.pkl'],AbsPower,3.37,2.62,3.37,0.0,0.0,0.79,2.52,-1.0,-1,2.62,PolynomialRegressionTrainer,4,CounterOnly
230,44,LinearRegressionTrainer_4,scikit,LinearRegressionTrainer_4.json,"['cache_miss', 'cpu_cycles', 'cpu_instructions']",[],AbsPower,4.18,3.86,4.18,0.0,0.0,1.31,4.42,-1.0,-1,3.86,LinearRegressionTrainer,4,CounterOnly
231,38,PolynomialRegressionTrainer_1,scikit,PolynomialRegressionTrainer_1.json,"['cache_miss', 'cpu_cycles', 'cpu_instructions']",['poly_scaler.pkl'],AbsPower,4.3,41.18,3.11,4.3,0.0,0.66,21.42,27.49,-1,41.18,PolynomialRegressionTrainer,1,CounterOnly
232,13,SGDRegressorTrainer_4,scikit,SGDRegressorTrainer_4.json,"['cache_miss', 'cpu_cycles', 'cpu_instructions']",[],AbsPower,4.43,5.04,4.43,0.0,0.0,1.66,3.2,-1.0,-1,5.04,SGDRegressorTrainer,4,CounterOnly
233,23,KNeighborsRegressorTrainer_1,scikit,KNeighborsRegressorTrainer_1.json,"['cache_miss', 'cpu_cycles', 'cpu_instructions']",[],AbsPower,4.54,14.29,4.54,3.24,0.0,0.81,25.77,7.94,-1,14.29,KNeighborsRegressorTrainer,1,CounterOnly
234,28,GradientBoostingRegressorTrainer_3,scikit,GradientBoostingRegressorTrainer_3.json,"['cache_miss', 'cpu_cycles', 'cpu_instructions']",[],AbsPower,5.2,15.41,5.2,2.88,0.0,0.78,17.39,19.27,-1,15.41,GradientBoostingRegressorTrainer,3,CounterOnly
236,19,KNeighborsRegressorTrainer_2,scikit,KNeighborsRegressorTrainer_2.json,"['cache_miss', 'cpu_cycles', 'cpu_instructions']",[],AbsPower,5.74,7.91,5.74,4.91,0.0,0.65,6.33,7.7,-1,7.91,KNeighborsRegressorTrainer,2,CounterOnly
238,14,SVRRegressorTrainer_4,scikit,SVRRegressorTrainer_4.json,"['cache_miss', 'cpu_cycles', 'cpu_instructions']",[],AbsPower,6.52,2.65,6.52,0.0,0.0,0.84,5.35,-1.0,-1,2.65,SVRRegressorTrainer,4,CounterOnly
239,22,KNeighborsRegressorTrainer_0,scikit,KNeighborsRegressorTrainer_0.json,"['cache_miss', 'cpu_cycles', 'cpu_instructions']",[],AbsPower,6.95,1.1,6.95,0.0,0.0,0.17,4.99,-1.0,-1,1.1,KNeighborsRegressorTrainer,0,CounterOnly
240,25,LinearRegressionTrainer_0,scikit,LinearRegressionTrainer_0.json,"['cache_miss', 'cpu_cycles', 'cpu_instructions']",[],AbsPower,7.43,2.56,7.43,0.0,0.0,0.47,2.11,-1.0,-1,2.56,LinearRegressionTrainer,0,CounterOnly
241,35,PolynomialRegressionTrainer_0,scikit,PolynomialRegressionTrainer_0.json,"['cache_miss', 'cpu_cycles', 'cpu_instructions']",['poly_scaler.pkl'],AbsPower,7.47,0.87,7.47,0.0,0.0,0.16,2.42,-1.0,-1,0.87,PolynomialRegressionTrainer,0,CounterOnly
242,37,GradientBoostingRegressorTrainer_1,scikit,GradientBoostingRegressorTrainer_1.json,"['cache_miss', 'cpu_cycles', 'cpu_instructions']",[],AbsPower,7.52,16.68,7.52,3.47,0.0,0.86,20.54,17.58,-1,16.68,GradientBoostingRegressorTrainer,1,CounterOnly
243,18,KNeighborsRegressorTrainer_3,scikit,KNeighborsRegressorTrainer_3.json,"['cache_miss', 'cpu_cycles', 'cpu_instructions']",[],AbsPower,7.62,9.67,7.42,7.62,0.0,0.77,13.19,24.8,-1,9.67,KNeighborsRegressorTrainer,3,CounterOnly
245,20,XgboostFitTrainer_1,xgboost,XgboostFitTrainer_1.json,"['cache_miss', 'cpu_cycles', 'cpu_instructions']",[],AbsPower,7.73,8.63,3.65,7.73,0.0,0.78,33.44,13.56,-1,8.63,XgboostFitTrainer,1,CounterOnly
246,36,GradientBoostingRegressorTrainer_0,scikit,GradientBoostingRegressorTrainer_0.json,"['cache_miss', 'cpu_cycles', 'cpu_instructions']",[],AbsPower,8.07,1.35,8.07,0.0,0.0,0.2,1.9,-1.0,-1,1.35,GradientBoostingRegressorTrainer,0,CounterOnly
247,29,GradientBoostingRegressorTrainer_2,scikit,GradientBoostingRegressorTrainer_2.json,"['cache_miss', 'cpu_cycles', 'cpu_instructions']",[],AbsPower,8.35,16.91,2.47,8.35,0.0,1.12,10.61,14.71,-1,16.91,GradientBoostingRegressorTrainer,2,CounterOnly
251,17,XgboostFitTrainer_0,xgboost,XgboostFitTrainer_0.json,"['cache_miss', 'cpu_cycles', 'cpu_instructions']",[],AbsPower,10.43,0.97,10.43,0.0,0.0,0.15,3.21,-1.0,-1,0.97,XgboostFitTrainer,0,CounterOnly
256,1,SGDRegressorTrainer_0,scikit,SGDRegressorTrainer_0.json,"['cache_miss', 'cpu_cycles', 'cpu_instructions']",[],AbsPower,13.15,5.19,13.15,0.0,0.0,0.88,10.85,-1.0,-1,5.19,SGDRegressorTrainer,0,CounterOnly
257,10,LogarithmicRegressionTrainer_0,curvefit,LogarithmicRegressionTrainer_0.json,"['cache_miss', 'cpu_cycles', 'cpu_instructions']",[],AbsPower,14.62,12.05,14.62,0.0,0.0,2.1,16.56,-1.0,-1,12.05,LogarithmicRegressionTrainer,0,CounterOnly
262,6,LogarithmicRegressionTrainer_4,curvefit,LogarithmicRegressionTrainer_4.json,"['cache_miss', 'cpu_cycles', 'cpu_instructions']",[],AbsPower,23.09,6.92,23.09,0.0,0.0,2.26,15.32,-1.0,-1,6.92,LogarithmicRegressionTrainer,4,CounterOnly
264,43,ExponentialRegressionTrainer_4,curvefit,ExponentialRegressionTrainer_4.json,"['cache_miss', 'cpu_cycles', 'cpu_instructions']",[],AbsPower,36.17,7.31,36.17,0.0,0.0,2.26,28.03,-1.0,-1,7.31,ExponentialRegressionTrainer,4,CounterOnly
265,26,ExponentialRegressionTrainer_0,curvefit,ExponentialRegressionTrainer_0.json,"['cache_miss', 'cpu_cycles', 'cpu_instructions']",[],AbsPower,51.78,9.96,51.78,0.0,0.0,1.73,13.77,-1.0,-1,9.96,ExponentialRegressionTrainer,0,CounterOnly
